{"cameraMode":{"drawMode":0,"name":"Shaded","section":"Shading Mode"},"sceneLighting":false,"audioPlay":false,"sceneViewState":{"m_AlwaysRefresh":false,"showFog":true,"showSkybox":true,"showFlares":true,"showImageEffects":true,"showParticleSystems":true,"showVisualEffectGraphs":true,"m_FxEnabled":true},"in2DMode":false,"pivot":{"x":77.3117446899414,"y":35.332332611083987,"z":-371.3564758300781},"rotation":{"x":0.16688144207000733,"y":0.26213499903678896,"z":-0.046079523861408237,"w":0.9493922591209412},"size":21.240032196044923,"orthographic":true}