{"cameraMode":{"drawMode":0,"name":"Shaded","section":"Shading Mode"},"sceneLighting":false,"audioPlay":false,"sceneViewState":{"m_AlwaysRefresh":false,"showFog":true,"showSkybox":true,"showFlares":true,"showImageEffects":true,"showParticleSystems":true,"showVisualEffectGraphs":true,"m_FxEnabled":true},"in2DMode":false,"pivot":{"x":-26.524246215820314,"y":8.200456619262696,"z":123.80780029296875},"rotation":{"x":0.16134749352931977,"y":-0.6617849469184876,"z":0.14895837008953095,"w":0.7168171405792236},"size":21.680116653442384,"orthographic":true}